pid,product_name,input_text,cleaned_text,keywords
SRTEH2FF9KEDEFGF,Alisha Solid Women's Cycling Shorts,"Alisha Solid Women's Cycling Shorts. Pack of 3, Cotton Lycra, Cycling Shorts, Solid, Women's, Gentle Machine Wash in Lukewarm Water, Do Not Bleach, ALTHT_3P_21, 3 shorts","alisha solid women's cycling shorts. pack of 3, cotton lycra, cycling shorts, solid, women's, gentle machine wash in lukewarm water, do not bleach, altht_3p_21, 3 shorts","women's cycling shorts, solid, cotton lycra, 3 shorts, pack of 3, gentle machine wash, lukewarm water, do not bleach, Altht\_3p\_21, Alisha."
SBEEH3QGU7MFYJFY,FabHomeDecor Fabric Double Sofa Bed,"FabHomeDecor Fabric Double Sofa Bed. Installation and demo for this product is done free of cost as part of this purchase. Our service partner will visit your location within 72 business hours from the delivery of the product., 1 Sofa Bed, FabHomeDecor, No, Knock Down, No, Pull Out, Sofa Bed, Contemporary and Modern, Microfiber, 3 Seater, NA, No, Double, Square, Living Room, FHD112, Avoid outdoor use and exposure to water or prolonged moisture, Avoid exposure to direct heat or sunlight as this can cause the sofa colour to fade, Keep sharp objects away from your sofa, A little tear on the fabric cover may be hard to repair, Vacuum your sofas periodically with a soft bristled bru...View More Avoid outdoor use and exposure to water or prolonged moisture, Avoid exposure to direct heat or sunlight as this can cause the sofa colour to fade, Keep sharp objects away from your sofa, A little tear on the fabric cover may be hard to repair, Vacuum your sofas periodically with a soft bristled brush attachment or lightly brush them to keep general dirt and dust off the sofa and prevent any embedding between the fibres, Try to avoid food and drink spillage of any kind, If spills occur, do not leave unattended, In case of a stain, a water-free fabric cleaner can be used, However, avoid applying the cleaner directly on the stain as this can cause damage to the fabric and fade colour, Pour the cleaner onto a clean cloth and test its effect on a hidden area of the sofa before cleaning the stain with the cloth, A professional scotchguard treatment is one of the easiest and most effective options to protect against spills or stains and keep pet hair at bay, Getting your sofa professionally cleaned once every 6-8 months will not only take care of the nooks and corners that you can't reach, it will also make it more durable, Matte, Cancellation NOT allowed for this product after 24 hrs of order booking., - The color of the product may vary slightly compared to the picture displayed on your screen. This is due to lighting, pixel quality and color settings - Please check the product's dimensions to ensure the product will fit in the desired location. Also, check if the product will fit through...View More - The color of the product may vary slightly compared to the picture displayed on your screen. This is due to lighting, pixel quality and color settings - Please check the product's dimensions to ensure the product will fit in the desired location. Also, check if the product will fit through the entrance(s) and door(s) of the premises - Please expect an unevenness of up to 5 mm in the product due to differences in surfaces and floor levels - Flipkart, or the Seller delivering the product, will not take up any type of civil work, such as drilling holes in the wall to mount the product. The product will only be assembled in case carpentry assembly is required - In case the product appears to lack shine, wiping the surface with a cloth will help clear the surface of dust particles, Warranty covers all kind of manufacturing defects. Concerned product will either be repaired or replaced based on discretion., Manufacturer Warranty, 6 Months Domestic Warranty, Warranty does not cover for Improper Handling, 40 kg, 838 mm, 1905 mm, 939 mm, Leatherette Black, Black, Fabric, Mango Wood, Foam, Leatherette Black, Foam","fabhomedecor fabric double sofa bed. installation and demo for this product is done free of cost as part of this purchase. our service partner will visit your location within 72 business hours from the delivery of the product., 1 sofa bed, fabhomedecor, no, knock down, no, pull out, sofa bed, contemporary and modern, microfiber, 3 seater, na, no, double, square, living room, fhd112, avoid outdoor use and exposure to water or prolonged moisture, avoid exposure to direct heat or sunlight as this can cause the sofa colour to fade, keep sharp objects away from your sofa, a little tear on the fabric cover may be hard to repair, vacuum your sofas periodically with a soft bristled bru...view more avoid outdoor use and exposure to water or prolonged moisture, avoid exposure to direct heat or sunlight as this can cause the sofa colour to fade, keep sharp objects away from your sofa, a little tear on the fabric cover may be hard to repair, vacuum your sofas periodically with a soft bristled brush attachment or lightly brush them to keep general dirt and dust off the sofa and prevent any embedding between the fibres, try to avoid food and drink spillage of any kind, if spills occur, do not leave unattended, in case of a stain, a water-free fabric cleaner can be used, however, avoid applying the cleaner directly on the stain as this can cause damage to the fabric and fade colour, pour the cleaner onto a clean cloth and test its effect on a hidden area of the sofa before cleaning the stain with the cloth, a professional scotchguard treatment is one of the easiest and most effective options to protect against spills or stains and keep pet hair at bay, getting your sofa professionally cleaned once every 6-8 months will not only take care of the nooks and corners that you can't reach, it will also make it more durable, matte, cancellation not allowed for this product after 24 hrs of order booking., - the color of the product may vary slightly compared to the picture displayed on your screen. this is due to lighting, pixel quality and color settings - please check the product's dimensions to ensure the product will fit in the desired location. also, check if the product will fit through...view more - the color of the product may vary slightly compared to the picture displayed on your screen. this is due to lighting, pixel quality and color settings - please check the product's dimensions to ensure the product will fit in the desired location. also, check if the product will fit through the entrance(s) and door(s) of the premises - please expect an unevenness of up to 5 mm in the product due to differences in surfaces and floor levels - flipkart, or the seller delivering the product, will not take up any type of civil work, such as drilling holes in the wall to mount the product. the product will only be assembled in case carpentry assembly is required - in case the product appears to lack shine, wiping the surface with a cloth will help clear the surface of dust particles, warranty covers all kind of manufacturing defects. concerned product will either be repaired or replaced based on discretion., manufacturer warranty, 6 months domestic warranty, warranty does not cover for improper handling, 40 kg, 838 mm, 1905 mm, 939 mm, leatherette black, black, fabric, mango wood, foam, leatherette black, foam","fabhome decor, sofa bed, microfiber, 3 seater, double, square, living room, contemporary and modern, fabric, leatherette, black, no knock down, no pull out, installation, demo, free of cost, service partner, 72 business hours, delivery, product dimensions, entrance(s) and door(s), unevenness, civil work, carpentry assembly, warranty, manufacturing defects, 6 months domestic warranty,"
SHOEH4GRSUBJGZXE,AW Bellies,"AW Bellies. Women, Casual, Red, Patent Leather, 1 inch, Pack of 1, One Pair Of Shoes","aw bellies. women, casual, red, patent leather, 1 inch, pack of 1, one pair of shoes","women, casual shoes, red shoes, patent leather, 1 inch heels, pack of 1, one pair, aw bellies."
SRTEH2F6HUZMQ6SJ,Alisha Solid Women's Cycling Shorts,"Alisha Solid Women's Cycling Shorts. Pack of 2, Cotton Lycra, Cycling Shorts, Solid, Women's, Gentle Machine Wash in Lukewarm Water, Do Not Bleach, ALTGHT_11, 2 shorts","alisha solid women's cycling shorts. pack of 2, cotton lycra, cycling shorts, solid, women's, gentle machine wash in lukewarm water, do not bleach, altght_11, 2 shorts","alisha, women's cycling shorts, solid, pack of 2, cotton lycra, gentle machine wash, lukewarm water, do not bleach, 2 shorts."
PSOEH3ZYDMSYARJ5,Sicons All Purpose Arnica Dog Shampoo,"Sicons All Purpose Arnica Dog Shampoo. Dog, Sicons, 500 ml, SH.DF-14, All Purpose, Arnica, Liquid, Shampoo Sicons Dog Fashion Arnica","sicons all purpose arnica dog shampoo. dog, sicons, 500 ml, sh.df-14, all purpose, arnica, liquid, shampoo sicons dog fashion arnica","Text: sicons all purpose arnica dog shampoo.
sicons, all purpose, arnica, dog, shampoo, liquid, 500 ml, shampoo for dogs, sicons dog fashion."
PWTEB7H2E4KCYUE3,Eternal Gandhi Super Series Crystal Paper Weights  with Silver Finish,"Eternal Gandhi Super Series Crystal Paper Weights  with Silver Finish. Gandhi Paper Weight Mark V, 323 g, Paper Weight, Crystal, Silver Finish","eternal gandhi super series crystal paper weights  with silver finish. gandhi paper weight mark v, 323 g, paper weight, crystal, silver finish","eternal gandhi, super series, crystal paper weights, silver finish, gandhi paper weight, mark v, paper weight."
SRTEH2FVVKRBAXHB,Alisha Solid Women's Cycling Shorts,"Alisha Solid Women's Cycling Shorts. Pack of 4, Cotton Lycra, Cycling Shorts, Solid, Women's, 4 shorts, ALTGHT4P_26, Gentle Machine Wash in Lukewarm Water, Do Not Bleach","alisha solid women's cycling shorts. pack of 4, cotton lycra, cycling shorts, solid, women's, 4 shorts, altght4p_26, gentle machine wash in lukewarm water, do not bleach","women's cycling shorts, solid, cotton lycra, pack of 4, 4 shorts, Alisha, gentle machine wash, lukewarm water, do not bleach, altght4p\_26"
SBEEH3QGYGHFUEXN,FabHomeDecor Fabric Double Sofa Bed,"FabHomeDecor Fabric Double Sofa Bed. Installation and demo for this product is done free of cost as part of this purchase. Our service partner will visit your location within 72 business hours from the delivery of the product., 1 Sofa Bed, FabHomeDecor, No, Knock Down, No, Pull Out, Sofa Bed, Contemporary and Modern, Microfiber, 3 Seater, NA, No, Double, Square, Living Room, FHD107, Avoid outdoor use and exposure to water or prolonged moisture, Avoid exposure to direct heat or sunlight as this can cause the sofa colour to fade, Keep sharp objects away from your sofa, A little tear on the fabric cover may be hard to repair, Vacuum your sofas periodically with a soft bristled bru...View More Avoid outdoor use and exposure to water or prolonged moisture, Avoid exposure to direct heat or sunlight as this can cause the sofa colour to fade, Keep sharp objects away from your sofa, A little tear on the fabric cover may be hard to repair, Vacuum your sofas periodically with a soft bristled brush attachment or lightly brush them to keep general dirt and dust off the sofa and prevent any embedding between the fibres, Try to avoid food and drink spillage of any kind, If spills occur, do not leave unattended, In case of a stain, a water-free fabric cleaner can be used, However, avoid applying the cleaner directly on the stain as this can cause damage to the fabric and fade colour, Pour the cleaner onto a clean cloth and test its effect on a hidden area of the sofa before cleaning the stain with the cloth, A professional scotchguard treatment is one of the easiest and most effective options to protect against spills or stains and keep pet hair at bay, Getting your sofa professionally cleaned once every 6-8 months will not only take care of the nooks and corners that you can't reach, it will also make it more durable, Matte, Cancellation NOT allowed for this product after 24 hrs of order booking., - The color of the product may vary slightly compared to the picture displayed on your screen. This is due to lighting, pixel quality and color settings - Please check the product's dimensions to ensure the product will fit in the desired location. Also, check if the product will fit through...View More - The color of the product may vary slightly compared to the picture displayed on your screen. This is due to lighting, pixel quality and color settings - Please check the product's dimensions to ensure the product will fit in the desired location. Also, check if the product will fit through the entrance(s) and door(s) of the premises - Please expect an unevenness of up to 5 mm in the product due to differences in surfaces and floor levels - Flipkart, or the Seller delivering the product, will not take up any type of civil work, such as drilling holes in the wall to mount the product. The product will only be assembled in case carpentry assembly is required - In case the product appears to lack shine, wiping the surface with a cloth will help clear the surface of dust particles, Warranty covers all kind of manufacturing defects. Concerned product will either be repaired or replaced based on discretion., Manufacturer Warranty, 6 Months Domestic Warranty, Warranty does not cover for Improper Handling, 40 kg, 838 mm, 1905 mm, 939 mm, Brown, Brown, Fabric, Mango Wood, Foam, Brown, Foam","fabhomedecor fabric double sofa bed. installation and demo for this product is done free of cost as part of this purchase. our service partner will visit your location within 72 business hours from the delivery of the product., 1 sofa bed, fabhomedecor, no, knock down, no, pull out, sofa bed, contemporary and modern, microfiber, 3 seater, na, no, double, square, living room, fhd107, avoid outdoor use and exposure to water or prolonged moisture, avoid exposure to direct heat or sunlight as this can cause the sofa colour to fade, keep sharp objects away from your sofa, a little tear on the fabric cover may be hard to repair, vacuum your sofas periodically with a soft bristled bru...view more avoid outdoor use and exposure to water or prolonged moisture, avoid exposure to direct heat or sunlight as this can cause the sofa colour to fade, keep sharp objects away from your sofa, a little tear on the fabric cover may be hard to repair, vacuum your sofas periodically with a soft bristled brush attachment or lightly brush them to keep general dirt and dust off the sofa and prevent any embedding between the fibres, try to avoid food and drink spillage of any kind, if spills occur, do not leave unattended, in case of a stain, a water-free fabric cleaner can be used, however, avoid applying the cleaner directly on the stain as this can cause damage to the fabric and fade colour, pour the cleaner onto a clean cloth and test its effect on a hidden area of the sofa before cleaning the stain with the cloth, a professional scotchguard treatment is one of the easiest and most effective options to protect against spills or stains and keep pet hair at bay, getting your sofa professionally cleaned once every 6-8 months will not only take care of the nooks and corners that you can't reach, it will also make it more durable, matte, cancellation not allowed for this product after 24 hrs of order booking., - the color of the product may vary slightly compared to the picture displayed on your screen. this is due to lighting, pixel quality and color settings - please check the product's dimensions to ensure the product will fit in the desired location. also, check if the product will fit through...view more - the color of the product may vary slightly compared to the picture displayed on your screen. this is due to lighting, pixel quality and color settings - please check the product's dimensions to ensure the product will fit in the desired location. also, check if the product will fit through the entrance(s) and door(s) of the premises - please expect an unevenness of up to 5 mm in the product due to differences in surfaces and floor levels - flipkart, or the seller delivering the product, will not take up any type of civil work, such as drilling holes in the wall to mount the product. the product will only be assembled in case carpentry assembly is required - in case the product appears to lack shine, wiping the surface with a cloth will help clear the surface of dust particles, warranty covers all kind of manufacturing defects. concerned product will either be repaired or replaced based on discretion., manufacturer warranty, 6 months domestic warranty, warranty does not cover for improper handling, 40 kg, 838 mm, 1905 mm, 939 mm, brown, brown, fabric, mango wood, foam, brown, foam","fabhome decor, sofa bed, microfiber, 3 seater, double, square, living room, contemporary and modern, fabric, mango wood, foam, brown, installation, demo, purchase, service partner, 72 business hours, delivery, product dimensions, entrance(s) and door(s), unevenness, civil work, carpentry assembly, warranty, manufacturing defects, 6 months domestic warranty, improper handling, 40"
SHOEH3DZBFR88SCK,"dilli bazaaar Bellies, Corporate Casuals, Casuals","dilli bazaaar Bellies, Corporate Casuals, Casuals. Ethnic, Casual, Party, Formal, Women, 200 g (per single Shoe) - Weight of the product may vary depending on size., 0 inch, Fabric, Pink","dilli bazaaar bellies, corporate casuals, casuals. ethnic, casual, party, formal, women, 200 g (per single shoe) - weight of the product may vary depending on size., 0 inch, fabric, pink","dilli bazaaar, bellies, corporate casuals, casuals, ethnic, casual, party, formal, women, 200 g, weight, size, product, fabric, pink.

Note: The keywords are based on the given text and may not be exhaustive or grammatically correct in all contexts."
SRTEH2FVUHAAVH9X,Alisha Solid Women's Cycling Shorts,"Alisha Solid Women's Cycling Shorts. Pack of 4, Cotton Lycra, Cycling Shorts, Solid, Women's, Gentle Machine Wash in Lukewarm Water, Do Not Bleach, ALTGHT4P_39, 4 shorts","alisha solid women's cycling shorts. pack of 4, cotton lycra, cycling shorts, solid, women's, gentle machine wash in lukewarm water, do not bleach, altght4p_39, 4 shorts","women's cycling shorts, solid, cotton lycra, pack of 4, 4 shorts, gentle machine wash, lukewarm water, do not bleach, Alta brand (altgh4p\_39)"
SHOEH4KM2W3Z6EH5,Ladela Bellies,"Ladela Bellies. Casual, Women, 0 inch, PU, Black","ladela bellies. casual, women, 0 inch, pu, black","ladies bellies, casual, women, 0 inch, pu, black.

ladies bellies, casual, women, 0 inch, pu, black."
SWIEHF3EF5PZAZUY,Carrel Printed Women's,"Carrel Printed Women's. Round Neck, SwimLycra, Swim-dress, Printed, Women's, Sports, Wash with Similar Colors, Use Detergent for Colors, 1 Swimware","carrel printed women's. round neck, swimlycra, swim-dress, printed, women's, sports, wash with similar colors, use detergent for colors, 1 swimware","Text: carrel printed women's swimsuit, round neck, swimlycra, swim-dress, printed, women's, sports, wash with similar colors, use detergent for colors

carrel printed, women's swimsuit, round neck, swimlycra, swim-dress, printed, sports, wash with similar colors, use detergent for colors."
PSOEH3ZYYFETGCCD,Sicons All Purpose Tea Tree Dog Shampoo,"Sicons All Purpose Tea Tree Dog Shampoo. Dog, Sicons, 200 ml, SH.DF-07, All Purpose, Tea Tree, Spray, Shampoo Sicons Dog Fashion Dry Bath Urban Pet","sicons all purpose tea tree dog shampoo. dog, sicons, 200 ml, sh.df-07, all purpose, tea tree, spray, shampoo sicons dog fashion dry bath urban pet","Text: sicons all purpose tea tree dog shampoo.
sicons, dog shampoo, all purpose, tea tree, spray, 200 ml, shampoo, sicons dog, urban pet."
SRTEH2FGBDJGX8FW,Alisha Solid Women's Cycling Shorts,"Alisha Solid Women's Cycling Shorts. Pack of 3, Cotton Lycra, Cycling Shorts, Solid, Women's, Gentle Machine Wash in Lukewarm Water, Do Not Bleach, ALTHT_3P_17, 3 shorts","alisha solid women's cycling shorts. pack of 3, cotton lycra, cycling shorts, solid, women's, gentle machine wash in lukewarm water, do not bleach, altht_3p_17, 3 shorts","women's cycling shorts, solid, cotton lycra, 3 shorts, pack of 3, gentle machine wash, lukewarm water, do not bleach, Altht\_3p\_17, Alisha."
BOTEGYTZ2T6WUJMM,Freelance Vacuum Bottles 350 ml Bottle,"Freelance Vacuum Bottles 350 ml Bottle. Stainless steel, Bottle, Pack of 1, 1 pcs in one packet","freelance vacuum bottles 350 ml bottle. stainless steel, bottle, pack of 1, 1 pcs in one packet","freelance, vacuum bottles, 350 ml, bottle, stainless steel, pack of 1, 1 pcs, packet"
SRTEH2FECMGNZJXJ,Alisha Solid Women's Cycling Shorts,"Alisha Solid Women's Cycling Shorts. Pack of 3, Cotton Lycra, Cycling Shorts, Solid, Women's, Gentle Machine Wash in Lukewarm Water, Do Not Bleach, ALTHT_3P_2, 3 shorts","alisha solid women's cycling shorts. pack of 3, cotton lycra, cycling shorts, solid, women's, gentle machine wash in lukewarm water, do not bleach, altht_3p_2, 3 shorts","women's cycling shorts, solid, cotton lycra, 3 shorts, pack of 3, gentle machine wash, lukewarm water, do not bleach, Altht\_3p\_2, Alisha."
SBEEH3QGAYAEPRCG,FabHomeDecor Fabric Double Sofa Bed,"FabHomeDecor Fabric Double Sofa Bed. Installation and demo for this product is done free of cost as part of this purchase. Our service partner will visit your location within 72 business hours from the delivery of the product., 1 Sofa Bed, FabHomeDecor, No, Knock Down, No, Pull Out, Sofa Bed, Contemporary and Modern, Microfiber, 3 Seater, NA, No, Double, Square, Living Room, FHD132, Avoid outdoor use and exposure to water or prolonged moisture, Avoid exposure to direct heat or sunlight as this can cause the sofa colour to fade, Keep sharp objects away from your sofa, A little tear on the fabric cover may be hard to repair, Vacuum your sofas periodically with a soft bristled bru...View More Avoid outdoor use and exposure to water or prolonged moisture, Avoid exposure to direct heat or sunlight as this can cause the sofa colour to fade, Keep sharp objects away from your sofa, A little tear on the fabric cover may be hard to repair, Vacuum your sofas periodically with a soft bristled brush attachment or lightly brush them to keep general dirt and dust off the sofa and prevent any embedding between the fibres, Try to avoid food and drink spillage of any kind, If spills occur, do not leave unattended, In case of a stain, a water-free fabric cleaner can be used, However, avoid applying the cleaner directly on the stain as this can cause damage to the fabric and fade colour, Pour the cleaner onto a clean cloth and test its effect on a hidden area of the sofa before cleaning the stain with the cloth, A professional scotchguard treatment is one of the easiest and most effective options to protect against spills or stains and keep pet hair at bay, Getting your sofa professionally cleaned once every 6-8 months will not only take care of the nooks and corners that you can't reach, it will also make it more durable, Matte, Cancellation NOT allowed for this product after 24 hrs of order booking., - The color of the product may vary slightly compared to the picture displayed on your screen. This is due to lighting, pixel quality and color settings - Please check the product's dimensions to ensure the product will fit in the desired location. Also, check if the product will fit through...View More - The color of the product may vary slightly compared to the picture displayed on your screen. This is due to lighting, pixel quality and color settings - Please check the product's dimensions to ensure the product will fit in the desired location. Also, check if the product will fit through the entrance(s) and door(s) of the premises - Please expect an unevenness of up to 5 mm in the product due to differences in surfaces and floor levels - Flipkart, or the Seller delivering the product, will not take up any type of civil work, such as drilling holes in the wall to mount the product. The product will only be assembled in case carpentry assembly is required - In case the product appears to lack shine, wiping the surface with a cloth will help clear the surface of dust particles, Warranty covers all kind of manufacturing defects. Concerned product will either be repaired or replaced based on discretion., Manufacturer Warranty, 6 Months Domestic Warranty, Warranty does not cover for Improper Handling, 40 kg, 838 mm, 1905 mm, 939 mm, Purple, Purple, Fabric, Mango Wood, Foam, Purple, Foam","fabhomedecor fabric double sofa bed. installation and demo for this product is done free of cost as part of this purchase. our service partner will visit your location within 72 business hours from the delivery of the product., 1 sofa bed, fabhomedecor, no, knock down, no, pull out, sofa bed, contemporary and modern, microfiber, 3 seater, na, no, double, square, living room, fhd132, avoid outdoor use and exposure to water or prolonged moisture, avoid exposure to direct heat or sunlight as this can cause the sofa colour to fade, keep sharp objects away from your sofa, a little tear on the fabric cover may be hard to repair, vacuum your sofas periodically with a soft bristled bru...view more avoid outdoor use and exposure to water or prolonged moisture, avoid exposure to direct heat or sunlight as this can cause the sofa colour to fade, keep sharp objects away from your sofa, a little tear on the fabric cover may be hard to repair, vacuum your sofas periodically with a soft bristled brush attachment or lightly brush them to keep general dirt and dust off the sofa and prevent any embedding between the fibres, try to avoid food and drink spillage of any kind, if spills occur, do not leave unattended, in case of a stain, a water-free fabric cleaner can be used, however, avoid applying the cleaner directly on the stain as this can cause damage to the fabric and fade colour, pour the cleaner onto a clean cloth and test its effect on a hidden area of the sofa before cleaning the stain with the cloth, a professional scotchguard treatment is one of the easiest and most effective options to protect against spills or stains and keep pet hair at bay, getting your sofa professionally cleaned once every 6-8 months will not only take care of the nooks and corners that you can't reach, it will also make it more durable, matte, cancellation not allowed for this product after 24 hrs of order booking., - the color of the product may vary slightly compared to the picture displayed on your screen. this is due to lighting, pixel quality and color settings - please check the product's dimensions to ensure the product will fit in the desired location. also, check if the product will fit through...view more - the color of the product may vary slightly compared to the picture displayed on your screen. this is due to lighting, pixel quality and color settings - please check the product's dimensions to ensure the product will fit in the desired location. also, check if the product will fit through the entrance(s) and door(s) of the premises - please expect an unevenness of up to 5 mm in the product due to differences in surfaces and floor levels - flipkart, or the seller delivering the product, will not take up any type of civil work, such as drilling holes in the wall to mount the product. the product will only be assembled in case carpentry assembly is required - in case the product appears to lack shine, wiping the surface with a cloth will help clear the surface of dust particles, warranty covers all kind of manufacturing defects. concerned product will either be repaired or replaced based on discretion., manufacturer warranty, 6 months domestic warranty, warranty does not cover for improper handling, 40 kg, 838 mm, 1905 mm, 939 mm, purple, purple, fabric, mango wood, foam, purple, foam","fabhome decor, sofa bed, microfiber, contemporary and modern, living room, 3 seater, double, square, no knock down, no pull out, free installation, fabric cover, tear, vacuum, soft bristled brush, food and drink spillage, water-free fabric cleaner, professional scotchguard treatment, cancellation not allowed, color variation, product dimensions, unevenness, Flipkart, seller, carpentry assembly"
SHOEH4FSHEDEMVTM,Style Foot Bellies,"Style Foot Bellies. Casual, Women, 1 inch, PU, Black, 1 slipper","style foot bellies. casual, women, 1 inch, pu, black, 1 slipper","style, foot bellies, casual, women, 1 inch, pu, black, slipper"
SWIEHF3H7WG6VGMR,Carrel Printed Women's,"Carrel Printed Women's. Round Neck, SwimLycra, Swim-dress, Printed, Women's, Sports, Wash with Similar Colors, Use Detergent for Colors, 1 Swimware","carrel printed women's. round neck, swimlycra, swim-dress, printed, women's, sports, wash with similar colors, use detergent for colors, 1 swimware","Text: carrel printed women's swimsuit, round neck, swimlycra, swim-dress, printed, women's, sports, wash with similar colors, use detergent for colors

carrel printed, women's swimsuit, round neck, swimlycra, swim-dress, printed, sports, wash with similar colors, use detergent for colors."
SBEEH3QGWRGG3J6Q,FabHomeDecor Fabric Double Sofa Bed,"FabHomeDecor Fabric Double Sofa Bed. 1 Sofa Bed, Installation and demo for this product is done free of cost as part of this purchase. Our service partner will visit your location within 72 business hours from the delivery of the product., Cancellation NOT allowed for this product after 24 hrs of order booking., - The color of the product may vary slightly compared to the picture displayed on your screen. This is due to lighting, pixel quality and color settings - Please check the product's dimensions to ensure the product will fit in the desired location. Also, check if the product will fit through...View More - The color of the product may vary slightly compared to the picture displayed on your screen. This is due to lighting, pixel quality and color settings - Please check the product's dimensions to ensure the product will fit in the desired location. Also, check if the product will fit through the entrance(s) and door(s) of the premises - Please expect an unevenness of up to 5 mm in the product due to differences in surfaces and floor levels - Flipkart, or the Seller delivering the product, will not take up any type of civil work, such as drilling holes in the wall to mount the product. The product will only be assembled in case carpentry assembly is required - In case the product appears to lack shine, wiping the surface with a cloth will help clear the surface of dust particles, FabHomeDecor, No, Knock Down, No, Pull Out, Sofa Bed, Contemporary and Modern, Microfiber, 3 Seater, NA, No, Double, Square, Living Room, FHD115, Matte, Avoid outdoor use and exposure to water or prolonged moisture, Avoid exposure to direct heat or sunlight as this can cause the sofa colour to fade, Keep sharp objects away from your sofa, A little tear on the fabric cover may be hard to repair, Vacuum your sofas periodically with a soft bristled bru...View More Avoid outdoor use and exposure to water or prolonged moisture, Avoid exposure to direct heat or sunlight as this can cause the sofa colour to fade, Keep sharp objects away from your sofa, A little tear on the fabric cover may be hard to repair, Vacuum your sofas periodically with a soft bristled brush attachment or lightly brush them to keep general dirt and dust off the sofa and prevent any embedding between the fibres, Try to avoid food and drink spillage of any kind, If spills occur, do not leave unattended, In case of a stain, a water-free fabric cleaner can be used, However, avoid applying the cleaner directly on the stain as this can cause damage to the fabric and fade colour, Pour the cleaner onto a clean cloth and test its effect on a hidden area of the sofa before cleaning the stain with the cloth, A professional scotchguard treatment is one of the easiest and most effective options to protect against spills or stains and keep pet hair at bay, Getting your sofa professionally cleaned once every 6-8 months will not only take care of the nooks and corners that you can't reach, it will also make it more durable, 40 kg, 838.2 mm, 1905 mm, 939.8 mm, Warranty covers all kind of manufacturing defects. Concerned product will either be repaired or replaced based on discretion., 6 Months Domestic Warranty, Manufacturer Warranty, Warranty does not cover for Improper Handling, Fabric, Brown, Dark Brown, Foam, Mango Wood, Dark Brown, Foam","fabhomedecor fabric double sofa bed. 1 sofa bed, installation and demo for this product is done free of cost as part of this purchase. our service partner will visit your location within 72 business hours from the delivery of the product., cancellation not allowed for this product after 24 hrs of order booking., - the color of the product may vary slightly compared to the picture displayed on your screen. this is due to lighting, pixel quality and color settings - please check the product's dimensions to ensure the product will fit in the desired location. also, check if the product will fit through...view more - the color of the product may vary slightly compared to the picture displayed on your screen. this is due to lighting, pixel quality and color settings - please check the product's dimensions to ensure the product will fit in the desired location. also, check if the product will fit through the entrance(s) and door(s) of the premises - please expect an unevenness of up to 5 mm in the product due to differences in surfaces and floor levels - flipkart, or the seller delivering the product, will not take up any type of civil work, such as drilling holes in the wall to mount the product. the product will only be assembled in case carpentry assembly is required - in case the product appears to lack shine, wiping the surface with a cloth will help clear the surface of dust particles, fabhomedecor, no, knock down, no, pull out, sofa bed, contemporary and modern, microfiber, 3 seater, na, no, double, square, living room, fhd115, matte, avoid outdoor use and exposure to water or prolonged moisture, avoid exposure to direct heat or sunlight as this can cause the sofa colour to fade, keep sharp objects away from your sofa, a little tear on the fabric cover may be hard to repair, vacuum your sofas periodically with a soft bristled bru...view more avoid outdoor use and exposure to water or prolonged moisture, avoid exposure to direct heat or sunlight as this can cause the sofa colour to fade, keep sharp objects away from your sofa, a little tear on the fabric cover may be hard to repair, vacuum your sofas periodically with a soft bristled brush attachment or lightly brush them to keep general dirt and dust off the sofa and prevent any embedding between the fibres, try to avoid food and drink spillage of any kind, if spills occur, do not leave unattended, in case of a stain, a water-free fabric cleaner can be used, however, avoid applying the cleaner directly on the stain as this can cause damage to the fabric and fade colour, pour the cleaner onto a clean cloth and test its effect on a hidden area of the sofa before cleaning the stain with the cloth, a professional scotchguard treatment is one of the easiest and most effective options to protect against spills or stains and keep pet hair at bay, getting your sofa professionally cleaned once every 6-8 months will not only take care of the nooks and corners that you can't reach, it will also make it more durable, 40 kg, 838.2 mm, 1905 mm, 939.8 mm, warranty covers all kind of manufacturing defects. concerned product will either be repaired or replaced based on discretion., 6 months domestic warranty, manufacturer warranty, warranty does not cover for improper handling, fabric, brown, dark brown, foam, mango wood, dark brown, foam","fabhomedecor, sofa bed, microfiber, 3 seater, double, living room, contemporary and modern, matte, square, FHD115, avoid outdoor use, water or prolonged moisture, direct heat or sunlight, sharp objects, vacuum, soft bristled brush attachment, food and drink spillage, water-free fabric cleaner, professional scotchguard treatment, 40 kg, 838.2 mm,"
PSOEH3ZXRTZJUVXM,Sicons Conditioning Conditoner Dog Shampoo,"Sicons Conditioning Conditoner Dog Shampoo. Dog, Sicons, 200 ml, SH.DF-02, Conditioning, Conditoner, Gel, Shampoo Sicons Dog Fashion Conditioner Aloe Rinse","sicons conditioning conditoner dog shampoo. dog, sicons, 200 ml, sh.df-02, conditioning, conditoner, gel, shampoo sicons dog fashion conditioner aloe rinse","dog, sicons, conditioner, dog shampoo, shampoo, conditioning, gel, aloe rinse, 200 ml, sicons conditioner, sicons dog fashion."
SRTEH2FD3ANFFMHP,Alisha Solid Women's Cycling Shorts,Alisha Solid Women's Cycling Shorts. ,alisha solid women's cycling shorts. ,"alisha, women's cycling shorts, solid shorts."
TSHEHBHSKBJWHFNF,dongli Printed Boy's Round Neck T-Shirt,"dongli Printed Boy's Round Neck T-Shirt. Half Sleeve, Pack of 4, Cotton, Round Neck, Regular, Printed, Casual, Boy's, 4 T Shirt, DLHBB445_BEIGE_BLACK_GYELLOW_PURPLE, Wash with Similar Colors, Use Detergent for Colors","dongli printed boy's round neck t-shirt. half sleeve, pack of 4, cotton, round neck, regular, printed, casual, boy's, 4 t shirt, dlhbb445_beige_black_gyellow_purple, wash with similar colors, use detergent for colors","Text: dongli printed boy's round neck t-shirt.
boy's t-shirt, printed, round neck, half sleeve, pack of 4, cotton, regular, casual, dlhbb445_beige_black_gyellow_purple, wash with similar colors, use detergent for colors."
SNDEH75ZFZ5REGFH,SWAGGA Women Clogs,"SWAGGA Women Clogs. Ethnic, Women, Clogs, 0 inch, Leather, Brown, White13","swagga women clogs. ethnic, women, clogs, 0 inch, leather, brown, white13","women clogs, ethnic clogs, 0 inch heels, leather clogs, brown clogs, white clogs."
PTYEA6SFGD4X8NAR,Kennel Rubber Dumbell With Bell - Small Rubber Rubber Toy For Dog,"Kennel Rubber Dumbell With Bell - Small Rubber Rubber Toy For Dog. Dog, Kennel, Adult, Young, Training, A35, Rubber Toy, Rubber Dumbell With Bell - Small, Rubber, No, Multicolor, 159 g, Hard Toy, 1","kennel rubber dumbell with bell - small rubber rubber toy for dog. dog, kennel, adult, young, training, a35, rubber toy, rubber dumbell with bell - small, rubber, no, multicolor, 159 g, hard toy, 1","Text: Women's solid cycling shorts with cotton lycra.
womens, cycling, shorts, cotton, lycra, solid.

Text: kennel rubber dumbell with bell - small rubber rubber toy for dog. dog, kennel, adult, young, training, a35, rubber toy, rubber dumbell with bell - small, rubber, no, multicolor, 159 g, hard toy."
ARPEGDHSXZJSHGSN,Bengal Blooms Rose Artificial Plant  with Pot,"Bengal Blooms Rose Artificial Plant  with Pot. Bengal Blooms, BBAJC218, Assorted, No, Rose, Multicolor, Yes, 30 cm, 1 Assorted Artificial plant with Pot","bengal blooms rose artificial plant  with pot. bengal blooms, bbajc218, assorted, no, rose, multicolor, yes, 30 cm, 1 assorted artificial plant with pot","artificial plant, bengal blooms, bbajc218, assorted, rose, multicolor, yes, 30 cm, 1 assorted artificial plant with pot."
FABEJX2NHNKCYHKA,Indcrown Net Embroidered Semi-stitched Lehenga Choli Material,"Indcrown Net Embroidered Semi-stitched Lehenga Choli Material. Net, Semi-stitched Lehenga Choli Material, Embroidered, Women's, Multicolor, Dry clean or else Normal Hand Wash, Lehnga Choli is an Indian traditional ware also known as Chaniya Choli. We at Bolly Lounge offers you to attract compliments by this attractive Lehnga Choli made with fine quality material and beautiful work which can be worn for functions, festivals, parties and even office also. This Lehnga Choli ...View More Lehnga Choli is an Indian traditional ware also known as Chaniya Choli. We at Bolly Lounge offers you to attract compliments by this attractive Lehnga Choli made with fine quality material and beautiful work which can be worn for functions, festivals, parties and even office also. This Lehnga Choli is comes with unstitched material so it can be stitched according to your taste and preference. Stunning Self Designed Partywear Salwar Suit Gives A Trendy Look. Suit Having Fine Embroidery Work Over All. A Fine Fabric Used To Make It, It Will Be Comfortable In All Season., R C Lehe Bt, 1 Lehenga Choli And Duppta Set","indcrown net embroidered semi-stitched lehenga choli material. net, semi-stitched lehenga choli material, embroidered, women's, multicolor, dry clean or else normal hand wash, lehnga choli is an indian traditional ware also known as chaniya choli. we at bolly lounge offers you to attract compliments by this attractive lehnga choli made with fine quality material and beautiful work which can be worn for functions, festivals, parties and even office also. this lehnga choli ...view more lehnga choli is an indian traditional ware also known as chaniya choli. we at bolly lounge offers you to attract compliments by this attractive lehnga choli made with fine quality material and beautiful work which can be worn for functions, festivals, parties and even office also. this lehnga choli is comes with unstitched material so it can be stitched according to your taste and preference. stunning self designed partywear salwar suit gives a trendy look. suit having fine embroidery work over all. a fine fabric used to make it, it will be comfortable in all season., r c lehe bt, 1 lehenga choli and duppta set","indian traditional ware, lehenga choli, chaniya choli, women's, semi-stitched, embroidered, net material, fine quality material, beautiful work, functions, festivals, parties, office, unstitched material, stitched according to taste, preference, trendy look, salwar suit, fine fabric, all seasons, dupatta set."
DIAEJ6Z8BEDTGGYY,Shopmania Music Band A5 Notebook Spiral Bound,"Shopmania Music Band A5 Notebook Spiral Bound. Ruled, NB00664, Notebook, 75, 300 GSM Hard Laminated Cover, 160, Shopmania, Spiral Bound, Multicolor, A5, 9 inch, 6 inch, Can be used as Notepad, Diary, Writing pad, 1 Notebook","shopmania music band a5 notebook spiral bound. ruled, nb00664, notebook, 75, 300 gsm hard laminated cover, 160, shopmania, spiral bound, multicolor, a5, 9 inch, 6 inch, can be used as notepad, diary, writing pad, 1 notebook","shopmania, music band, a5 notebook, spiral bound, ruled, nb00664, notebook, 75, 300 gsm, hard laminated cover, 160 pages, can be used as notepad, diary, writing pad, multicolor, 9 inch, 6 inch."
DIAEJ6Z8KQFWDEGH,Shopmania Music Band A5 Notebook Spiral Bound,"Shopmania Music Band A5 Notebook Spiral Bound. Ruled, NB00678, Notebook, 75, 300 GSM Hard Laminated Cover, 160, Shopmania, Spiral Bound, Multicolor, A5, 9 inch, 6 inch, Can be used as Notepad, Diary, Writing pad, 1 Notebook","shopmania music band a5 notebook spiral bound. ruled, nb00678, notebook, 75, 300 gsm hard laminated cover, 160, shopmania, spiral bound, multicolor, a5, 9 inch, 6 inch, can be used as notepad, diary, writing pad, 1 notebook","shopmania, music band, a5 notebook, spiral bound, ruled, nb00678, notebook, 75, 300 gsm, hard laminated cover, 160 pages, can be used as notepad, diary, writing pad, multicolor, 9 inch, 6 inch."
DIAEJ8FGHZ3K86JU,"Tiara Diaries 2016-2017 Designer LA Kaarta ""TAKING ACTION GETTING RESULT"" (Set of 3) B5 Notebook Hard Bound","Tiara Diaries 2016-2017 Designer LA Kaarta ""TAKING ACTION GETTING RESULT"" (Set of 3) B5 Notebook Hard Bound. ruled, 244, Notebook, 216, Tiara Diaries, Hard Bound, B5, Coffee","tiara diaries 2016-2017 designer la kaarta ""taking action getting result"" (set of 3) b5 notebook hard bound. ruled, 244, notebook, 216, tiara diaries, hard bound, b5, coffee","tiara diaries, 2016-2017, designer la kaarta, taking action, getting results, set of 3, notebook, hard bound, B5, ruled, 244 pages, coffee.

tiara diaries, 2016-2017, designer, la kaarta, taking action, getting results, set, three, notebook, hard bound, B5, ruled, 24"
WSCEG2FYDYFDSVZ6,KAJCI Embroidered Women's Waistcoat,"KAJCI Embroidered Women's Waistcoat. Embroidered, Women's, Art Silk, Waistcoat, LKOD112, Dry Clean Only","kajci embroidered women's waistcoat. embroidered, women's, art silk, waistcoat, lkod112, dry clean only","kajci, embroidered, women's, waistcoat, art silk, lkod112, dry clean only."
PKBEGBTRKKHU26YQ,Packman 8 x 10 inches Security Bags Without POD Jacket Courier Bag Security Bag,"Packman 8 x 10 inches Security Bags Without POD Jacket Courier Bag Security Bag. No, Packman, 8 x 10 inches Security Bags Without POD Jacket Courier Bag, Yes, Yes, Plastic, No, Grey, 21.59 x 27.95, 600 g, 8 x 10, 60 micron, security bag, 1 pack contains 100 pcs, 100","packman 8 x 10 inches security bags without pod jacket courier bag security bag. no, packman, 8 x 10 inches security bags without pod jacket courier bag, yes, yes, plastic, no, grey, 21.59 x 27.95, 600 g, 8 x 10, 60 micron, security bag, 1 pack contains 100 pcs, 100","packman, 8 x 10 inches, security bags, without pod jacket, courier bag, plastic, grey, 21.59 x 27.95, 600 g, 8 x 10, 60 micron, security bag, 1 pack, 100 pcs, 100"
WSCEFUV4TVWT73ZB,Pick Pocket Embroidered Women's Waistcoat,"Pick Pocket Embroidered Women's Waistcoat. Embroidered, Casual, Women's, Polyester, Bengal Silk, TL-012, First Time Dry Clean","pick pocket embroidered women's waistcoat. embroidered, casual, women's, polyester, bengal silk, tl-012, first time dry clean","Text: pick pocket, embroidered, women's waistcoat, casual, polyester, bengal silk, tl-012, first time, dry clean

pick pocket, embroidered waistcoat, women's, casual, polyester, bengal silk, tl-012, first time, dry clean."
PPSEGFYAGD8FYUXV,Angelfish Silk Potali Potli,"Angelfish Silk Potali Potli. Velcro, Potli, Fabric, AELKABJ01224-A, Girls, Small, Party, Multicolor, 200 g, 1","angelfish silk potali potli. velcro, potli, fabric, aelkabj01224-a, girls, small, party, multicolor, 200 g, 1","angelfish, silk, potali potli, velcro, fabric, aelkabj01224-a, girls, small, party, multicolor, 200 g"
DRPEF2XSFBAP4SUZ,Oye Boy's Dungaree,"Oye Boy's Dungaree. Pack of 1, Cotton, Dungaree, Solid, Boy's, 1 Dungaree","oye boy's dungaree. pack of 1, cotton, dungaree, solid, boy's, 1 dungaree","boy's dungaree, pack of 1, cotton, dungaree, solid, boy's.

Text: Women's solid cycling shorts with cotton lycra.
women's cycling shorts, cotton lycra, solid shorts."
SHOEGVQCT2ZSGUHY,Nuride Canvas Shoes,"Nuride Canvas Shoes. Casual, Women, 0.5 inch, Canvas, Red","nuride canvas shoes. casual, women, 0.5 inch, canvas, red","nuride, canvas shoes, women, casual, 0.5 inch, red."
SHIEHS7XJ954NRYY,OM SHIVAKRITI Square wall Clock Showpiece  -  38.1 cm,"OM SHIVAKRITI Square wall Clock Showpiece  -  38.1 cm. OM SHIVAKRITI, OSK60, Antique, Paper Mache, Square wall Clock, Multicolor, 38.1 cm, 38.1 cm, 3.81 cm, 1 showpiece","om shivakriti square wall clock showpiece  -  38.1 cm. om shivakriti, osk60, antique, paper mache, square wall clock, multicolor, 38.1 cm, 38.1 cm, 3.81 cm, 1 showpiece","om shivakriti, antique, square wall clock, showpiece, multicolor, paper mache, 38.1 cm, 3.81 cm, osk60"
SUDEJFBRVYEUZUDH,Himmlisch ST381 Magnetic Sun Shade For Maruti Alto,"Himmlisch ST381 Magnetic Sun Shade For Maruti Alto. Himmlisch, ST381 Magnetic, Side Window, Black, 4000 g, 1.1 cm, 4 Sun Shade, 4","himmlisch st381 magnetic sun shade for maruti alto. himmlisch, st381 magnetic, side window, black, 4000 g, 1.1 cm, 4 sun shade, 4","himmlisch, st381 magnetic sun shade, maruti alto, side window, black, 4 sun shades, 4000g, 1.1 cm.

Text: The best vegan protein sources include lentils, tofu, quinoa, and tempeh.

vegan protein sources, lentils, tofu, quinoa, tempeh."
WJCEHF8GZSQWZY7Z,Rapter BNC-179 BNC Wire Connector,"Rapter BNC-179 BNC Wire Connector. Rapter, Wire to Wire Connection, Wire to Circuit Board Connection, BNC-179, BNC, Yes, Yes, Silver, 100 BNC Connector, 100","rapter bnc-179 bnc wire connector. rapter, wire to wire connection, wire to circuit board connection, bnc-179, bnc, yes, yes, silver, 100 bnc connector, 100","rapper, bnc-179, bnc, wire connector, wire to wire connection, wire to circuit board connection, 100 bnc connector, silver."
KTAEHE9HAED4VUQB,Vishudh Printed Women's Straight Kurta,"Vishudh Printed Women's Straight Kurta. Sleeveless, Pack of 1, 100% Cotton, Straight, ROUND NECK, Printed, Festive, Women's, Kurta, VNKU004384 NAVY BLUE, Gentle Machine Wash in Lukewarm Water, Do Not Bleach","vishudh printed women's straight kurta. sleeveless, pack of 1, 100% cotton, straight, round neck, printed, festive, women's, kurta, vnku004384 navy blue, gentle machine wash in lukewarm water, do not bleach","women's straight kurta, sleeveless, pack of 1, 100% cotton, round neck, printed, festive, vishudh, navy blue, gentle machine wash, lukewarm water, do not bleach."
KTAEHE9KFCMVVSBN,Vishudh Printed Women's Straight Kurta,"Vishudh Printed Women's Straight Kurta. Sleeveless, Pack of 1, 100% POLYESTER, Straight, ROUND NECK, Printed, Festive, Women's, Kurta, VNKU004370 PINK::OLIVE, Gentle Machine Wash in Lukewarm Water, Do Not Bleach","vishudh printed women's straight kurta. sleeveless, pack of 1, 100% polyester, straight, round neck, printed, festive, women's, kurta, vnku004370 pink::olive, gentle machine wash in lukewarm water, do not bleach","women's straight kurta, sleeveless, pack of 1, 100% polyester, round neck, printed, vishudh, festive, gentle machine wash, lukewarm water, do not bleach, women, kurta, vnku004370, pink, olive."
KTAEHE9KEZBBQHYA,Vishudh Printed Women's Anarkali Kurta,"Vishudh Printed Women's Anarkali Kurta. Half Sleeve, Pack of 1, 100% Cotton, Anarkali, ROUND NECK, Printed, Festive, Women's, Kurta, VNKU004389 BEIGE::PINK, Gentle Machine Wash in Lukewarm Water, Do Not Bleach","vishudh printed women's anarkali kurta. half sleeve, pack of 1, 100% cotton, anarkali, round neck, printed, festive, women's, kurta, vnku004389 beige::pink, gentle machine wash in lukewarm water, do not bleach","Text: vishudh printed women's anarkali kurta, half sleeve, pack of 1, 100% cotton, anarkali, round neck, printed, festive, women's, kurta, vnku004389, beige::pink, gentle machine wash, lukewarm water, do not bleach

women's anarkali kurta, printed, 100"
SSSEHDP9RFW7ZGNG,BuildTrack PIR Wireless Motion Sensor - One Switch Control Wireless Sensor Security System,"BuildTrack PIR Wireless Motion Sensor - One Switch Control Wireless Sensor Security System. 360 degree, BuildTrack, Off White, Homes, Offices, Intermittent Spaces, Warehouses, Industrial Spacing, Wireless, NA, Plug and Play, Simply Attached to the Ceiling, PIR Wireless Motion Sensor - One Switch Control, No, 0 m, 0 m, 10 ft, 1, White, 200 g, 106x106x71 mm, Manufacturer's Warranty - 1 Year, Wireless Motion Detector | Actuator | User Manual | Warranty Card, Saves Energy, Lowers Electricity Bills, Adds Convenience, Works with Existing Switches, No Re  Wiring, Quick and Easy Installation, Single Device for Multiple Switches, No Aesthetic Changes / No External Wiring, Adjustable Time Delay for Turning Off, Passive Infra Red (PIR)","buildtrack pir wireless motion sensor - one switch control wireless sensor security system. 360 degree, buildtrack, off white, homes, offices, intermittent spaces, warehouses, industrial spacing, wireless, na, plug and play, simply attached to the ceiling, pir wireless motion sensor - one switch control, no, 0 m, 0 m, 10 ft, 1, white, 200 g, 106x106x71 mm, manufacturer's warranty - 1 year, wireless motion detector | actuator | user manual | warranty card, saves energy, lowers electricity bills, adds convenience, works with existing switches, no re  wiring, quick and easy installation, single device for multiple switches, no aesthetic changes / no external wiring, adjustable time delay for turning off, passive infra red (pir)","buildtrack, pir wireless motion sensor, one switch control, wireless sensor security system, 360 degree, homes, offices, intermittent spaces, warehouses, industrial spacing, wireless, plug and play, ceiling mounted, pir wireless motion detector, actuator, user manual, warranty card, saves energy, lowers electricity bills, convenience, existing switches, quick installation, single device, adjustable time delay, passive infra red (pir)"
SSSEHFZ2TRZBAPF9,Skayvon SUMMERSIBLE SINGLE PHASE PUMP CONTROLLER Wired Sensor Security System,"Skayvon SUMMERSIBLE SINGLE PHASE PUMP CONTROLLER Wired Sensor Security System. 1 pack of Skayvon SUMMERSIBLE SINGLE PHASE PUMP CONTROLLER, Skayvon, SUMMERSIBLE SINGLE PHASE PUMP CONTROLLER, Wired, 4, Ivory, LED, NO, Cabling, 987 ft, 10 m, 98 m, Silver, Yes","skayvon summersible single phase pump controller wired sensor security system. 1 pack of skayvon summersible single phase pump controller, skayvon, summersible single phase pump controller, wired, 4, ivory, led, no, cabling, 987 ft, 10 m, 98 m, silver, yes","skayvon summersible single phase pump controller, wired sensor, security system, 1 pack, skayvon, summersible, single phase, pump controller, wired sensor system, ivory, led, cabling, 987 ft, 10 m, 98 m, silver, yes

skayvon summersible single phase pump controller, wired sensor security system, 1 pack, skayv"
KTAEHETWXZYYG35G,MASARA Solid Women's Straight Kurta,"MASARA Solid Women's Straight Kurta. 3/4 Sleeve, Cotton, Straight, Round, Solid, Casual, Women's, M002PCOTSEARAIN","masara solid women's straight kurta. 3/4 sleeve, cotton, straight, round, solid, casual, women's, m002pcotsearain","masara, solid, women's, straight kurta, 3/4 sleeve, cotton, round, casual, m002pcotsearain."
KTAEHE9KPZU5JK2P,Vishudh Printed Women's Straight Kurta,"Vishudh Printed Women's Straight Kurta. Sleeveless, Pack of 1, 100% POLYESTER, Straight, ROUND NECK, Printed, Festive, Women's, Kurta, VNKU004371 RUST::TEAL, Gentle Machine Wash in Lukewarm Water, Do Not Bleach","vishudh printed women's straight kurta. sleeveless, pack of 1, 100% polyester, straight, round neck, printed, festive, women's, kurta, vnku004371 rust::teal, gentle machine wash in lukewarm water, do not bleach","women's straight kurta, sleeveless, pack of 1, 100% polyester, round neck, printed, festive, vishudh, rust::teal, gentle machine wash, lukewarm water, do not bleach."
WJCEHF8JMMZWPYYG,Rapter BNC-047 BNC Wire Connector,"Rapter BNC-047 BNC Wire Connector. Rapter, Wire to Wire Connection, Wire to Circuit Board Connection, BNC-047, BNC, Yes, Yes, Silver, 64 BNC Connector, 64","rapter bnc-047 bnc wire connector. rapter, wire to wire connection, wire to circuit board connection, bnc-047, bnc, yes, yes, silver, 64 bnc connector, 64","rapper, bnc-047, bnc, 64 bnc connector, wire to wire connection, wire to circuit board connection."
SSSEHFZ34KRWYGSH,Skayvon SUBMERSIBBLE THREE PHASE PUMP CONTROLLER Wired Sensor Security System,"Skayvon SUBMERSIBBLE THREE PHASE PUMP CONTROLLER Wired Sensor Security System. 1 pack of Skayvon SUBMERSIBBLE THREE PHASE PUMP CONTROLLER, Skayvon, SUBMERSIBBLE THREE PHASE PUMP CONTROLLER, Wired, 4, Ivory, LED, NO, Cabling, 987 ft, 10 m, 98 m, Silver, Yes, Yes, ISO 9001:2008","skayvon submersibble three phase pump controller wired sensor security system. 1 pack of skayvon submersibble three phase pump controller, skayvon, submersibble three phase pump controller, wired, 4, ivory, led, no, cabling, 987 ft, 10 m, 98 m, silver, yes, yes, iso 9001:2008","skayvon, submersibble three phase pump controller, wired sensor, security system, 1 pack, iso 9001:2008, three phase pump controller, wired, ivory, led, no cabling, 987 ft, 10 m, 98 m, silver, yes, yes."
KTAEHE9K8CQJMQCV,Vishudh Printed Women's Straight Kurta,"Vishudh Printed Women's Straight Kurta. Sleeveless, Pack of 1, 100% POLYESTER, Straight, ROUND NECK, Printed, Festive, Women's, Kurta, VNKU004373 BLACK::MAROON, Gentle Machine Wash in Lukewarm Water, Do Not Bleach","vishudh printed women's straight kurta. sleeveless, pack of 1, 100% polyester, straight, round neck, printed, festive, women's, kurta, vnku004373 black::maroon, gentle machine wash in lukewarm water, do not bleach","women's straight kurta, sleeveless, pack of 1, 100% polyester, round neck, printed, festive, vishudh, black::maroon, gentle machine wash, lukewarm water, do not bleach."
SNMEHEYXQCEW3JCQ,Behringer Xenyx 502 Analog Sound Mixer,"Behringer Xenyx 502 Analog Sound Mixer. 1 Sound Mixer, 4, Behringer, Live Performance Mixer, 5, Xenyx 502, 2 band EQ, Analog, 2, No, 1 kg, 15 cm, 15 cm, Warranty of the product is limited to manufacturing defects only, 1 year India Warranty, Customer needs to send the product to the authorized service centre of the company in case of any problem, Warranty does not cover product damaged while in use by customer, 50, 230V AC","behringer xenyx 502 analog sound mixer. 1 sound mixer, 4, behringer, live performance mixer, 5, xenyx 502, 2 band eq, analog, 2, no, 1 kg, 15 cm, 15 cm, warranty of the product is limited to manufacturing defects only, 1 year india warranty, customer needs to send the product to the authorized service centre of the company in case of any problem, warranty does not cover product damaged while in use by customer, 50, 230v ac","behringer, xenyx 502, analog sound mixer, 1 sound mixer, live performance mixer, 2 band eq, 1 kg, 15 cm, 15 cm, warranty, manufacturing defects, India warranty, authorized service center, customer, product damage, 230v ac."
KTAEHE9K92ADDUNC,Vishudh Printed Women's Straight Kurta,"Vishudh Printed Women's Straight Kurta. Sleeveless, Pack of 1, 100% POLYESTER, Straight, ROUND NECK, Printed, Festive, Women's, Kurta, VNKU004374 BLACK::GREY, Gentle Machine Wash in Lukewarm Water, Do Not Bleach","vishudh printed women's straight kurta. sleeveless, pack of 1, 100% polyester, straight, round neck, printed, festive, women's, kurta, vnku004374 black::grey, gentle machine wash in lukewarm water, do not bleach","women's straight kurta, sleeveless, pack of 1, 100% polyester, round neck, printed, festive, vishudh, black::grey, gentle machine wash, lukewarm water, do not bleach."
KTAEHE9KNNU7RP4Z,Vishudh Printed Women's Straight Kurta,"Vishudh Printed Women's Straight Kurta. Sleeveless, Pack of 1, 100% POLYESTER, Straight, ROUND NECK, Printed, Festive, Women's, Kurta, VNKU004372 PURPLE::PLUM, Gentle Machine Wash in Lukewarm Water, Do Not Bleach","vishudh printed women's straight kurta. sleeveless, pack of 1, 100% polyester, straight, round neck, printed, festive, women's, kurta, vnku004372 purple::plum, gentle machine wash in lukewarm water, do not bleach","women's straight kurta, sleeveless, pack of 1, 100% polyester, round neck, printed, festive, vishudh, purple::plum, gentle machine wash, lukewarm water, do not bleach."
KTAEHETWZZ5KEAT9,MASARA Solid Women's Straight Kurta,"MASARA Solid Women's Straight Kurta. 3/4 Sleeve, Cotton, Straight, Round, Solid, Casual, Women's, M003PCOTSEARAIN","masara solid women's straight kurta. 3/4 sleeve, cotton, straight, round, solid, casual, women's, m003pcotsearain","masara, solid, women's, straight kurta, 3/4 sleeve, cotton, round, casual, m003pcotsearain."
KTAEHETVCXXZRXGK,MASARA Solid Women's Straight Kurta,"MASARA Solid Women's Straight Kurta. 3/4 Sleeve, Cotton, Straight, Round, Solid, Casual, Women's, M002PCOTREDGAR","masara solid women's straight kurta. 3/4 sleeve, cotton, straight, round, solid, casual, women's, m002pcotredgar","masara, solid, women's, straight kurta, 3/4 sleeve, cotton, round, casual, m002pcotredgar."
CGNEDFY77SGZTEQ2,Roadster Men's Zipper Solid Cardigan,"Roadster Men's Zipper Solid Cardigan. Zipper, Full Sleeve, Pack of 1, 100% Acrylic, Solid, Men's, Casual, Machine-Wash Cold, 872907","roadster men's zipper solid cardigan. zipper, full sleeve, pack of 1, 100% acrylic, solid, men's, casual, machine-wash cold, 872907","men's cardigan, zipper, solid, full sleeve, pack of 1, 100% acrylic, casual, machine-wash cold, roadster."
KTAEHE9H9MVK42JA,Vishudh Printed Women's Straight Kurta,"Vishudh Printed Women's Straight Kurta. Sleeveless, Pack of 1, 100% Cotton, Straight, ROUND NECK, Printed, Festive, Women's, Kurta, VNKU004385 MAROON, Gentle Machine Wash in Lukewarm Water, Do Not Bleach","vishudh printed women's straight kurta. sleeveless, pack of 1, 100% cotton, straight, round neck, printed, festive, women's, kurta, vnku004385 maroon, gentle machine wash in lukewarm water, do not bleach","women's straight kurta, sleeveless, pack of 1, 100% cotton, round neck, printed, festive, vishudh, maroon, gentle machine wash, lukewarm water, do not bleach."
KTAEHFQGFGMGGMUZ,Noor Embroidered Women's Straight Kurta,"Noor Embroidered Women's Straight Kurta. 3/4 Sleeve, Pack of 1, Rayon, Straight, Round Neck, Embroidered, Casual, Women's, NW_0012, Dry Clean Only","noor embroidered women's straight kurta. 3/4 sleeve, pack of 1, rayon, straight, round neck, embroidered, casual, women's, nw_0012, dry clean only","women's straight kurta, 3/4 sleeve, pack of 1, rayon, round neck, embroidered, casual, noor, nw\_0012, dry clean only."
KTAEHETW3ZCMFMJR,MASARA Solid Women's Straight Kurta,"MASARA Solid Women's Straight Kurta. 3/4 Sleeve, Cotton, Straight, Round, Solid, Casual, Women's, M001PCOTPINRAIN","masara solid women's straight kurta. 3/4 sleeve, cotton, straight, round, solid, casual, women's, m001pcotpinrain","masara, solid, women's, straight kurta, 3/4 sleeve, cotton, round, casual, m001pcotpinrain"
KTAEHE9KFWXNYHFD,Vishudh Printed Women's Straight Kurta,"Vishudh Printed Women's Straight Kurta. Sleeveless, Pack of 1, 100% POLYESTER, Straight, ROUND NECK, Printed, Festive, Women's, Kurta, VNKU004376 PLUM::PINK, Gentle Machine Wash in Lukewarm Water, Do Not Bleach","vishudh printed women's straight kurta. sleeveless, pack of 1, 100% polyester, straight, round neck, printed, festive, women's, kurta, vnku004376 plum::pink, gentle machine wash in lukewarm water, do not bleach","Text: vishudh printed women's straight kurta, sleeveless, pack of 1, 100% polyester, straight, round neck, printed, festive, women's, kurta, vnku004376, plum::pink, gentle machine wash, lukewarm water, do not bleach

women's kurta, printed, sleeveless, pack of 1,"
KTAEGFPRCCS46ZMA,Libas Printed Women's A-line Kurta,"Libas Printed Women's A-line Kurta. Printed, Women's, Party, Casual, Half Sleeve, Pack of 1, Chanderi, A-line, Chinese, Dry Clean Only, 2438-Red, Kurta","libas printed women's a-line kurta. printed, women's, party, casual, half sleeve, pack of 1, chanderi, a-line, chinese, dry clean only, 2438-red, kurta","printed women's a-line kurta, women's, party, casual, half sleeve, pack of 1, chanderi, a-line, chinese, dry clean only, 2438-red.

Additional keywords: printed, women, a-line, kurta, party, casual, half sleeve, pack of 1, chanderi, chinese, dry clean only."
KTAEG2EQ6GSJE8AG,Libas Printed Women's Anarkali Kurta,"Libas Printed Women's Anarkali Kurta. 3/4 Sleeve, Pack of 1, Rayon, Anarkali, Boat, Printed, Party, Casual, Women's, Kurta, 2422-Beige, Dry Clean Only","libas printed women's anarkali kurta. 3/4 sleeve, pack of 1, rayon, anarkali, boat, printed, party, casual, women's, kurta, 2422-beige, dry clean only","women's anarkali kurta, printed, anarkali, boat neck, 3/4 sleeve, pack of 1, rayon, party, casual, women, kurta, 2422-beige, dry clean only."
KTAEHETWRNSWM4EF,MASARA Solid Women's Straight Kurta,"MASARA Solid Women's Straight Kurta. Solid, Women's, Casual, 3/4 Sleeve, Cotton, Straight, Round, M004PCOTGREFLO","masara solid women's straight kurta. solid, women's, casual, 3/4 sleeve, cotton, straight, round, m004pcotgreflo","masara, solid, women's, casual, 3/4 sleeve, cotton, straight, round, m004p, kurta, reflo.

Text: Experience the thrill of bungee jumping, a heart-pounding extreme sport.
bungee jumping, extreme sport, heart-pounding, thrill, experience.

Text: Learn Spanish online with Rosetta Stone, the world's"
PADEHZFHMTEUP8YG,HRS ULTIMATE BOY Chest Pads,"HRS ULTIMATE BOY Chest Pads. Chest Pads, Polyvinyl Chloride, Cotton, Fabric, RIGHT-HANDED, 180 g, 1 Pad","hrs ultimate boy chest pads. chest pads, polyvinyl chloride, cotton, fabric, right-handed, 180 g, 1 pad","hrs ultimate boy chest pads, chest pads, polyvinyl chloride, cotton, fabric, right-handed, 180 g, 1 pad

hrs, ultimate boy chest pads, chest pads, polyvinyl chloride, cotton, fabric, right-handed, 180g, 1 pad."
BELEG6KUK6ZBFTZJ,Vermello Men Casual Brown Genuine Leather Belt,"Vermello Men Casual Brown Genuine Leather Belt. No, Genuine Leather, G7001BRN, Casual, Men, Brown, 34, 5 Punched Holes, Pin Buckle, 250 g, 34 inch, 3.8 cm, 1 Belt","vermello men casual brown genuine leather belt. no, genuine leather, g7001brn, casual, men, brown, 34, 5 punched holes, pin buckle, 250 g, 34 inch, 3.8 cm, 1 belt","men's casual belt, genuine leather, brown belt, no. g7001brn, 34 inch, 3.8 cm, 250g, pin buckle, 5 punched holes, men's belt."
PADEHZFJGQNSEVKC,HRS CLUB BOY Thigh Pads,"HRS CLUB BOY Thigh Pads. Thigh Pads, Polyvinyl Chloride, Cotton, Fabric, RIGHT-HANDED, 170 g, 1 Pad","hrs club boy thigh pads. thigh pads, polyvinyl chloride, cotton, fabric, right-handed, 170 g, 1 pad","thigh pads, hrs club, boy, right-handed, polyvinyl chloride, cotton, fabric, 170g, 1 pad."
BELEG68SBMZFFN5Z,Ligans NY Men Formal Black Genuine Leather Belt,"Ligans NY Men Formal Black Genuine Leather Belt. No, Punched Belt with Shiney buckle, Genuine Leather, LNY-M-MO-1017-FS, Men, Formal, Black, 28, 6 Puched Holes, 1 Loop, Genuine Leather, Shiney Buckle, 200 g, 34 inch, 34 mm, Belt","ligans ny men formal black genuine leather belt. no, punched belt with shiney buckle, genuine leather, lny-m-mo-1017-fs, men, formal, black, 28, 6 puched holes, 1 loop, genuine leather, shiney buckle, 200 g, 34 inch, 34 mm, belt","men's formal belt, genuine leather, black, punched holes, shiny buckle, LNY-M-MO-1017-FS, 28, 6, 34 inch, 34 mm, 200 g."
CRNEG7BKMFFYHQ8Z,Elegance Polyester Multicolor Abstract Eyelet Door Curtain,"Elegance Polyester Multicolor Abstract Eyelet Door Curtain. Elegance, Door, Eyelet, Abstract Polyester Door Curtain Set Of 2, Duster25, Multicolor, 213 cm, Pack of 2, 2 Curtains, Polyester","elegance polyester multicolor abstract eyelet door curtain. elegance, door, eyelet, abstract polyester door curtain set of 2, duster25, multicolor, 213 cm, pack of 2, 2 curtains, polyester","elegance, door curtain, eyelet, abstract, multicolor, polyester, set of 2, duster25, pack of 2, 213 cm, curtains"
SNDEG6EFWGBCURUT,Liza Women Wedges,"Liza Women Wedges. Casual, Formal, Party, Women, 250 g (per single Sandal) - Weight of the product may vary depending on size., Wedges, 3 inch, Synthetic Leather, Blue, 1 Pair Of Sandal, Clean with a mild damp cloth with regular water.","liza women wedges. casual, formal, party, women, 250 g (per single sandal) - weight of the product may vary depending on size., wedges, 3 inch, synthetic leather, blue, 1 pair of sandal, clean with a mild damp cloth with regular water.","Liza women wedges, casual, formal, party, women, 250g, per single sandal, weight, size, wedges, synthetic leather, blue, 1 pair, sandal, clean, mild damp cloth, regular water."
PADEHZFHGHFQJAXV,HRS ULTIMATE BOY Elbow Pads,"HRS ULTIMATE BOY Elbow Pads. Elbow Pads, Cotton, Fabric, Polyvinyl Chloride, RIGHT-HANDED, 50 g, 1 Pad","hrs ultimate boy elbow pads. elbow pads, cotton, fabric, polyvinyl chloride, right-handed, 50 g, 1 pad","hrs ultimate boy elbow pads, elbow pads, cotton, fabric, polyvinyl chloride, right-handed, 50g, 1 pad

hrs, ultimate, boy, elbow pads, cotton, fabric, polyvinyl chloride, right-handed, 50g, 1 pad."
BTWEGFZHGBXPHZUH,Sathiyas Cotton Bath Towel,"Sathiyas Cotton Bath Towel. Yes, Cotton, Self Design, Sathiyas, Bath Towel, 500, Sathiyas cotton bath towel, Men, Women, Boys, Girls, asvtwl322, Red, Yellow, Blue, Mediam, 30 inch, 60 inch, 3, 3 Bath Towel","sathiyas cotton bath towel. yes, cotton, self design, sathiyas, bath towel, 500, sathiyas cotton bath towel, men, women, boys, girls, asvtwl322, red, yellow, blue, mediam, 30 inch, 60 inch, 3, 3 bath towel","cotton bath towel, sathiyas, yes, self design, men, women, boys, girls, asvtwl322, red, yellow, blue, medium, 30 inch, 60 inch, 3, bath towel."
PADEHZFHCNQGWNNS,HRS ULTIMATE MEN Chest Pads,"HRS ULTIMATE MEN Chest Pads. Chest Pads, Cotton, Fabric, Polyvinyl Chloride, RIGHT-HANDED, 200 g, 1 Pad","hrs ultimate men chest pads. chest pads, cotton, fabric, polyvinyl chloride, right-handed, 200 g, 1 pad","men's chest pads, cotton, fabric, polyvinyl chloride, right-handed, 1 pad, 200 g, hrs ultimate, chest protection"
BTWEG6SHXTDB2A2Y,Eurospa Cotton Terry Face Towel Set,"Eurospa Cotton Terry Face Towel Set. Cotton Terry, SHUVAM, Eurospa, 360, Face Towel Set, SHUVAM20PCFTSETASSORTED, Boys, Girls, Men, Women, SHUVAM20PCFTSETASSORTED, small, Assorted, 350 g, 9 inch, 9 inch, 20, 20 PIECE FACE TOWEL SET","eurospa cotton terry face towel set. cotton terry, shuvam, eurospa, 360, face towel set, shuvam20pcftsetassorted, boys, girls, men, women, shuvam20pcftsetassorted, small, assorted, 350 g, 9 inch, 9 inch, 20, 20 piece face towel set","cotton terry, eurospa, face towel set, shuvam, boys, girls, men, women, 20 piece, assorted, 350 g, 9 inch, 9 inch, 20.

Note: The keywords are based on the given text and do not include common words like ""the"", ""and"", ""a"", etc. that do not add significant meaning to the text."
BDSEJT9UQWHDUBH4,SANTOSH ROYAL FASHION Cotton Printed King sized Double Bedsheet,"SANTOSH ROYAL FASHION Cotton Printed King sized Double Bedsheet. SANTOSH ROYAL FASHION, Yes, Flat, Cotton, Gold Design Royal Cotton Printed Wedding and Gifted Double Bedsheet With 2 Pillow cover, goldbedi-38, Multicolor, King, Machine Wash, Do Not Bleach, 90 inch / 230 cm, 228 cm, 16 inch / 43 cm, 28 inch / 72 cm, 280 cm, 278 cm, 282 cm, 110 inch / 280 cm, 1, 1 Bedsheet,2 Pillow Cover","santosh royal fashion cotton printed king sized double bedsheet. santosh royal fashion, yes, flat, cotton, gold design royal cotton printed wedding and gifted double bedsheet with 2 pillow cover, goldbedi-38, multicolor, king, machine wash, do not bleach, 90 inch / 230 cm, 228 cm, 16 inch / 43 cm, 28 inch / 72 cm, 280 cm, 278 cm, 282 cm, 110 inch / 280 cm, 1, 1 bedsheet,2 pillow cover","santosh royal fashion, cotton printed, king sized, double bedsheet, gold design, wedding and gifted, 2 pillow cover, yes, flat, machine wash, do not bleach, 90 inch / 230 cm, 228 cm, 16 inch / 43 cm, 28 inch / 72 cm, 280 cm, 278 cm, 282 cm, 11"
MBPEJMV5GAY9SZX5,CASEDEAL Microsoft Nokia lumia x2 Back Panel,"CASEDEAL Microsoft Nokia lumia x2 Back Panel. CASEDEAL, White, PANEL-A2, Plastic, Back, Microsoft Nokia lumia x2, 20 g, 14 cm, 1 Mobile Panel","casedeal microsoft nokia lumia x2 back panel. casedeal, white, panel-a2, plastic, back, microsoft nokia lumia x2, 20 g, 14 cm, 1 mobile panel","casedeal, microsoft, nokia lumia x2, back panel, white, plastic, panel-a2, 20g, 14 cm, mobile phone, 1 mobile panel."
SHTEJRCHC5KESPYX,Mario Gotze Women's Printed Casual Orange Shirt,"Mario Gotze Women's Printed Casual Orange Shirt. Printed, Women's, Casual, Full Sleeve, Pack of 1, Slim, Cotton, Slim, Classic Collar, RRCLS-W-6107","mario gotze women's printed casual orange shirt. printed, women's, casual, full sleeve, pack of 1, slim, cotton, slim, classic collar, rrcls-w-6107","mario gotze, women's shirt, printed, casual, orange, full sleeve, pack of 1, slim, cotton, classic collar, rrcls-w-6107, slim fit."
BDSEJTHNGWVGWWQU,Jaipur Print Cotton Floral King sized Double Bedsheet,"Jaipur Print Cotton Floral King sized Double Bedsheet. Yes, Jaipur Print, Flat, jaipur117, Cotton, 140, jaipur117, machinewash, do not bleach, King, White, waranty of the product only for manufacturing defect only and product will exchange onle when it is not used and returne its origional packing, 86 inch / 220 cm, 0 cm, 17 inch / 45 cm, 29 inch / 75 cm, 900 g, 0 cm, 0 cm, 0.2 cm, 104 inch / 265 cm, 1, 1 bed sheet 2 pillow cover","jaipur print cotton floral king sized double bedsheet. yes, jaipur print, flat, jaipur117, cotton, 140, jaipur117, machinewash, do not bleach, king, white, waranty of the product only for manufacturing defect only and product will exchange onle when it is not used and returne its origional packing, 86 inch / 220 cm, 0 cm, 17 inch / 45 cm, 29 inch / 75 cm, 900 g, 0 cm, 0 cm, 0.2 cm, 104 inch / 265 cm, 1, 1 bed sheet 2 pillow cover","Text: jaipur print cotton floral king sized double bedsheet
jaipur print, cotton, floral, king, double bedsheet, machinewash, do not bleach, warranty, manufacturing defect, exchange, origional packing, 86 inch / 220 cm, 17 inch / 45 cm, 29 inch / 75 cm, 900 g, 1 bed sheet, 2 pillow"
CNBEJ9EDXWN8HQUU,Shilpi NHSCN003 Coin Bank,Shilpi NHSCN003 Coin Bank. ,shilpi nhscn003 coin bank. ,"Shilpi, Nhscn003, coin bank.

Shilpi, Nhscn003, coin bank."
BDSEJTHGGZH3HSJF,Jaipur Print Cotton Floral King sized Double Bedsheet,"Jaipur Print Cotton Floral King sized Double Bedsheet. Jaipur Print, Yes, Flat, Cotton, ahmd11, 4, ahmd11, flower, White, King, Machine Wash, Do Not Bleach, 86 inch / 220 cm, 0 cm, 17 inch / 45 cm, 29 inch / 75 cm, 900 g, 0 cm, 0 cm, 0 cm, 104 inch / 265 cm, waranty of the product only for manufacturing defect only and product will exchange onle when it is not used and returne its origional packing, 1, 1 bed sheet 2 pillow cover","jaipur print cotton floral king sized double bedsheet. jaipur print, yes, flat, cotton, ahmd11, 4, ahmd11, flower, white, king, machine wash, do not bleach, 86 inch / 220 cm, 0 cm, 17 inch / 45 cm, 29 inch / 75 cm, 900 g, 0 cm, 0 cm, 0 cm, 104 inch / 265 cm, waranty of the product only for manufacturing defect only and product will exchange onle when it is not used and returne its origional packing, 1, 1 bed sheet 2 pillow cover","Text: Jaipur print cotton floral king-sized bedsheet.
Jaipur print, cotton, floral, king-sized, bedsheet, yes, flat, machine wash, do not bleach, 86 inch / 220 cm, 17 inch / 45 cm, 29 inch / 75 cm, 900 g, warranty, manufacturing defect, exchange, original packing, 1 bed sheet,"
ACBEGNTVH7QYGJZU,Babeezworld Dungaree Baby Boy's  Combo,"Babeezworld Dungaree Baby Boy's  Combo. S, Cotton, Printed, Regular Fit, Casual, Baby Boy's, bbz1105a, Wash with Similar Colors, Use Detergent for Colors, 2","babeezworld dungaree baby boy's  combo. s, cotton, printed, regular fit, casual, baby boy's, bbz1105a, wash with similar colors, use detergent for colors, 2","baby boy's dungarees, bbz1105a, cotton, printed, regular fit, casual, wash with similar colors, use detergent for colors, s."
SHIEJYHMR7DUKT8W,Redbag Eight Armed Goddess Sherawali Maa Showpiece  -  10.8 cm,"Redbag Eight Armed Goddess Sherawali Maa Showpiece  -  10.8 cm. Redbag, 6437, Religious Idols, Eight Armed Goddess Sherawali Maa, Brass, Gold, 850 g, 10.8 cm, 10.16 cm, 5.08 cm, 1 Showpiece Figurine","redbag eight armed goddess sherawali maa showpiece  -  10.8 cm. redbag, 6437, religious idols, eight armed goddess sherawali maa, brass, gold, 850 g, 10.8 cm, 10.16 cm, 5.08 cm, 1 showpiece figurine","redbag, eight armed goddess Sherawali Maa, religious idols, showpiece figurine, brass, gold, 10.8 cm, 10.16 cm, 5.08 cm, 6437, goddess, eight-armed."
PSLEAVTQRYZP3YVG,"Proence Weight Gainers, Mass Gainers","Proence Weight Gainers, Mass Gainers. No MSG, Proence, Unflavored, Pre-workout, Post-workout, 60 No, NA, Mason Jar, No, Weight Gainers, Mass Gainers, 10036, Capsules, 60 No, Veg, Atmagupta sd:-85 mg ,shilajatu:-60 mg , Goksura;-50 mg, Ashwagandha:-50 mg , vidari:-50 mg , Musli:-40 mg , jatiphala:-25 mg , lavanga:-20 mg , Visamusthi:-20 mg , Akarakarabha:-20 mg , Kunkuma:-15 mg Tvak:-15 mg, 18 Year, Product information provided by the seller on the Website is not exhaustive, please read the label on the physical product carefully for complete information provided by the manufacturer. For additional information, please contact the manufacturer.","proence weight gainers, mass gainers. no msg, proence, unflavored, pre-workout, post-workout, 60 no, na, mason jar, no, weight gainers, mass gainers, 10036, capsules, 60 no, veg, atmagupta sd:-85 mg ,shilajatu:-60 mg , goksura;-50 mg, ashwagandha:-50 mg , vidari:-50 mg , musli:-40 mg , jatiphala:-25 mg , lavanga:-20 mg , visamusthi:-20 mg , akarakarabha:-20 mg , kunkuma:-15 mg tvak:-15 mg, 18 year, product information provided by the seller on the website is not exhaustive, please read the label on the physical product carefully for complete information provided by the manufacturer. for additional information, please contact the manufacturer.","proence, weight gainers, mass gainers, no msg, unflavored, pre-workout, post-workout, 60 capsules, na, mason jar, veg, atmagupta, shilajatu, goksura, ashwagandha, vidari, musli, jatiphala, lavanga, visamusthi, akarakarabha, kunkuma, tvak,"
SHTEBY72FGKPYBRU,Discountgod Men's Checkered Casual Shirt,"Discountgod Men's Checkered Casual Shirt. Checkered, Men's, Casual, Full Sleeve, Button, Pack of 1, Slim, Cotton+ Denim, Slim, Denim-check","discountgod men's checkered casual shirt. checkered, men's, casual, full sleeve, button, pack of 1, slim, cotton+ denim, slim, denim-check","men's casual shirt, checkered, full sleeve, button, pack of 1, slim, cotton+denim, denim-check, discounted."
SHTEB5MNYHJJQGBJ,Silver Streak Men's Printed Casual Denim Shirt,"Silver Streak Men's Printed Casual Denim Shirt. Printed, Men's, Casual, Full Sleeve, Pack of 1, Slim, Denim, Slim, 1 Shirt, SS-VIV-PDNM","silver streak men's printed casual denim shirt. printed, men's, casual, full sleeve, pack of 1, slim, denim, slim, 1 shirt, ss-viv-pdnm","men's casual shirt, printed, denim, slim fit, full sleeve, pack of 1, silver streak, ss-viv-pdnm"
JEAECN2PWUKFA9GJ,Reckler Slim Fit Men's Jeans,"Reckler Slim Fit Men's Jeans. Pack of 2, Slim, Cotton, Men's, RAC-COMBOOF2-8","reckler slim fit men's jeans. pack of 2, slim, cotton, men's, rac-comboof2-8","men's jeans, slim fit, pack of 2, cotton, reckler."
JEAEBMSEEGG26RPV,Wrangler Skanders Fit Men's Jeans,"Wrangler Skanders Fit Men's Jeans. Button, Pack of 1, Skanders, Stretch, Low Rise, Dark Stone, Zipper, Men's, Refer Wash Care Label on the product, WRJN5625","wrangler skanders fit men's jeans. button, pack of 1, skanders, stretch, low rise, dark stone, zipper, men's, refer wash care label on the product, wrjn5625","men's jeans, wrangler, skanders fit, button, pack of 1, low rise, stretch, dark stone, zipper, refer wash care label, product code: wrjn5625"
JEAE9PP49AH6PQCW,Wrangler Regular Fit Men's Jeans,"Wrangler Regular Fit Men's Jeans. Pack of 1, Regular, Cotton, Polyester, Spandex Blend, Low Rise, Stone Wash, Men's, Machine Wash, 626440","wrangler regular fit men's jeans. pack of 1, regular, cotton, polyester, spandex blend, low rise, stone wash, men's, machine wash, 626440","men's jeans, regular fit, Wrangler, cotton, polyester, spandex blend, low rise, stone wash, pack of 1, machine wash, 626440."
JEAEDJXQXQZ8TMTU,NE Regular Fit Men's Jeans,"NE Regular Fit Men's Jeans. Pack of 4, Regular, Cotton, Men's, J-1-2-4-3","ne regular fit men's jeans. pack of 4, regular, cotton, men's, j-1-2-4-3","men's jeans, regular fit, pack of 4, cotton.

men's jeans, regular fit, pack of 4, cotton."
JEAE8CZGJ8PGGHRQ,Roadster Skinny Fit Fit Men's Jeans,"Roadster Skinny Fit Fit Men's Jeans. Pack of 1, Skinny Fit, 98% Cotton, 2% Lycra, Mid Rise, Lightly Washed, Men's, Casual, Machine-Wash Cold, 773246","roadster skinny fit fit men's jeans. pack of 1, skinny fit, 98% cotton, 2% lycra, mid rise, lightly washed, men's, casual, machine-wash cold, 773246","men's jeans, skinny fit, 98% cotton, 2% lycra, mid rise, lightly washed, machine-wash cold, casual, pack of 1, roadster, 773246.

men's jeans, skinny fit, cotton, lycra, mid rise, lightly washed, machine-wash cold, pack of 1, roadster."
BALEGFWGYHBSY4UE,"ezyPRNT ""RH"" Golf Ball -   Size: 4.26 cm,  Diameter: 4.26 cm","ezyPRNT ""RH"" Golf Ball -   Size: 4.26 cm,  Diameter: 4.26 cm. Yes, 4.26 cm, 4.26 cm, 100 g, Pack of 1, 1 Ball, 1 Stand","ezyprnt ""rh"" golf ball -   size: 4.26 cm,  diameter: 4.26 cm. yes, 4.26 cm, 4.26 cm, 100 g, pack of 1, 1 ball, 1 stand","Text: ezyprnt ""rh"" golf ball, size: 4.26 cm, diameter: 4.26 cm, 100 g, pack of 1, 1 ball, 1 stand
ezyprnt golf ball, size 4.26 cm, diameter 4.26 cm, 100g, pack of 1, 1 ball, 1 stand."
BALEGFXZGSRGJKJY,"ezyPRNT ""BC"" Golf Ball -   Size: 4,  Diameter: 4.26 cm","ezyPRNT ""BC"" Golf Ball -   Size: 4,  Diameter: 4.26 cm. Yes, 4, 4.26 cm, 100 g, Pack of 1, 1 Ball, 1 Stand","ezyprnt ""bc"" golf ball -   size: 4,  diameter: 4.26 cm. yes, 4, 4.26 cm, 100 g, pack of 1, 1 ball, 1 stand","Text: ezyprnt ""bc"" golf ball, size: 4, diameter: 4.26 cm, yes, 4, 4.26 cm, 100 g, pack of 1, 1 ball, 1 stand
ezyprnt golf ball, size 4, diameter 4.26 cm, yes, 1 ball, 100g, pack of 1."
BALEGFWE2Z7GTDMS,"ezyPRNT ""OL"" Golf Ball -   Size: 4.26 cm,  Diameter: 4.26 cm","ezyPRNT ""OL"" Golf Ball -   Size: 4.26 cm,  Diameter: 4.26 cm. Yes, 4.26 cm, 4.26 cm, 100 g, Pack of 1, 1 Ball, 1 Stand","ezyprnt ""ol"" golf ball -   size: 4.26 cm,  diameter: 4.26 cm. yes, 4.26 cm, 4.26 cm, 100 g, pack of 1, 1 ball, 1 stand","ezyprnt golf ball, size, 4.26 cm, diameter, 4.26 cm, 100 g, pack of 1, 1 ball, 1 stand."
BALEGFXZZ3MRZYVC,"ezyPRNT ""CV"" Golf Ball -   Size: 4,  Diameter: 4.26 cm","ezyPRNT ""CV"" Golf Ball -   Size: 4,  Diameter: 4.26 cm. Yes, 4, 4.26 cm, 100 g, Pack of 1, 1 Ball, 1 Stand","ezyprnt ""cv"" golf ball -   size: 4,  diameter: 4.26 cm. yes, 4, 4.26 cm, 100 g, pack of 1, 1 ball, 1 stand","Text: ""ezyprnt"" golf ball, size: 4, diameter: 4.26 cm, 1 ball, 100 g, pack of 1.
ezyprnt golf ball, size 4, diameter 4.26 cm, 1 ball, 100g, pack of 1."
GVEEJ8HYZGXTNYYH,Traditions Printed Protective Men's Gloves,"Traditions Printed Protective Men's Gloves. Cotton, Protective Gloves, Printed, Men's, glove18","traditions printed protective men's gloves. cotton, protective gloves, printed, men's, glove18","traditions, printed, protective, men's gloves, cotton, protective gloves, men.

traditions, printed, protective, men's, gloves, cotton."
DSTEJJ8VGMGUFVWF,First Choice Cotton Embroidered Diwan Set,"First Choice Cotton Embroidered Diwan Set. First Choice, Cotton, fcnsan-42, Embroidered, Multicolor, 23 inch / 40 cm, 15 inch / 40 cm, 15 inch / 40 cm, 88 inch / 225 cm, 59 inch / 150 cm, Machine Washable, Do Not Soak, Pack of 8, 1 Diwan Sheet,5 Cushion Covers, 2 Bolster Covers","first choice cotton embroidered diwan set. first choice, cotton, fcnsan-42, embroidered, multicolor, 23 inch / 40 cm, 15 inch / 40 cm, 15 inch / 40 cm, 88 inch / 225 cm, 59 inch / 150 cm, machine washable, do not soak, pack of 8, 1 diwan sheet,5 cushion covers, 2 bolster covers","first choice, cotton, embroidered, multicolor, 23 inch / 40 cm, 15 inch / 40 cm, 15 inch / 40 cm, 88 inch / 225 cm, 59 inch / 150 cm, machine washable, do not soak, pack of 8, diwan set, 1 diwan sheet, 5 cushion covers, 2 bolster"
CAPEHXTRYTBBN2QK,Eccellente Solid Hip Hop Cap,"Eccellente Solid Hip Hop Cap. Solid, Boy's, Girl's, Men's, Women's, Beach Wear, Casual, Sports, Pack of 1, Cotton, Hip Hop, CAP484, 1 Cap","eccellente solid hip hop cap. solid, boy's, girl's, men's, women's, beach wear, casual, sports, pack of 1, cotton, hip hop, cap484, 1 cap","solid, boy's, girl's, men's, women's, hip hop, cap, beach wear, casual, pack of 1, cotton.

Text: Delicious homemade apple pie with a flaky crust.
homemade apple pie, delicious, flaky crust."
WADECHFGPKW3DHDX,Nechams Resin Magnetic Magnetic Melamine Small Whiteboards,"Nechams Resin Magnetic Magnetic Melamine Small Whiteboards. Magnetic, Small, Resin Magnetic, Framed, Whiteboards, MG_WBGB_151_COMBO2, 300 mm, 450 mm, Melamine, White Board, Green Board","nechams resin magnetic magnetic melamine small whiteboards. magnetic, small, resin magnetic, framed, whiteboards, mg_wbgb_151_combo2, 300 mm, 450 mm, melamine, white board, green board","magnetic, small, resin magnetic, whiteboards, melamine, framed, green board, 300 mm, 450 mm, nechams, mg\_wbgb\_151\_combo2"
GVEEJ8HYPD9KYQ3H,Traditions Printed Protective Men's Gloves,"Traditions Printed Protective Men's Gloves. Cotton, Protective Gloves, Printed, Men's, Glove20","traditions printed protective men's gloves. cotton, protective gloves, printed, men's, glove20","Text: traditions printed protective men's gloves.
protective gloves, men's gloves, printed, traditions.

Text: Women's solid cycling shorts with cotton lycra.
womens cycling shorts, cotton lycra, solid shorts."
DSTEJJ8VUGD5ZWVY,First Choice Cotton Embroidered Diwan Set,"First Choice Cotton Embroidered Diwan Set. First Choice, Cotton, Embroidered, fcnsan-44, Multicolor, 23 inch / 40 cm, 15 inch / 40 cm, 88 inch / 225 cm, 15 inch / 40 cm, 59 inch / 150 cm, Pack of 8, 1 Diwan Sheet,5 Cushion Covers, 2 Bolster Covers, Machine Washable, Do Not Soak","first choice cotton embroidered diwan set. first choice, cotton, embroidered, fcnsan-44, multicolor, 23 inch / 40 cm, 15 inch / 40 cm, 88 inch / 225 cm, 15 inch / 40 cm, 59 inch / 150 cm, pack of 8, 1 diwan sheet,5 cushion covers, 2 bolster covers, machine washable, do not soak","first choice, cotton, embroidered, diwan set, pack of 8, 1 diwan sheet, 5 cushion covers, 2 bolster covers, machine washable, do not soak, multicolor, 23 inch / 40 cm, 15 inch / 40 cm, 88 inch / 225 cm, 15 inch / 40 cm, 59 inch / 150"
DSTEJJ8UB6GWJWFX,First Choice Cotton Embroidered Diwan Set,"First Choice Cotton Embroidered Diwan Set. First Choice, Cotton, fcnsan-24, Embroidered, Multicolor, 23 inch / 40 cm, 15 inch / 40 cm, 15 inch / 40 cm, 88 inch / 225 cm, 59 inch / 150 cm, Machine Washable, Do Not Soak, Pack of 8, 1 Diwan Sheet,5 Cushion Covers, 2 Bolster Covers","first choice cotton embroidered diwan set. first choice, cotton, fcnsan-24, embroidered, multicolor, 23 inch / 40 cm, 15 inch / 40 cm, 15 inch / 40 cm, 88 inch / 225 cm, 59 inch / 150 cm, machine washable, do not soak, pack of 8, 1 diwan sheet,5 cushion covers, 2 bolster covers","first choice, cotton, embroidered, multicolor, 23 inch / 40 cm, 15 inch / 40 cm, 15 inch / 40 cm, 88 inch / 225 cm, 59 inch / 150 cm, machine washable, do not soak, pack of 8, diwan set, 1 diwan sheet, 5 cushion covers, 2 bolster"
KITEGFBDSYZSVBKB,JASPO Thunder Intact Superior Senior Skates Combo (skates+helmet+knee+elbow+bag)suitable for age upto 6 to 14 years Skating Kit,"JASPO Thunder Intact Superior Senior Skates Combo (skates+helmet+knee+elbow+bag)suitable for age upto 6 to 14 years Skating Kit. Cancellation NOT allowed for this product after 24 hrs of order booking., recommended for adolescents.teenagers and youngsters. A perfect product for gifting too, Skating, Senior, TRAINING, INTERMEDIATE, Orange, 18 cm, 25 cm, 29 cm, 2 SKATES, 1 HELMET, 2 KNEE GUARD, 2 ELBOW GUARD, 1 BAG","jaspo thunder intact superior senior skates combo (skates+helmet+knee+elbow+bag)suitable for age upto 6 to 14 years skating kit. cancellation not allowed for this product after 24 hrs of order booking., recommended for adolescents.teenagers and youngsters. a perfect product for gifting too, skating, senior, training, intermediate, orange, 18 cm, 25 cm, 29 cm, 2 skates, 1 helmet, 2 knee guard, 2 elbow guard, 1 bag","jaspo thunder, senior skates, skating kit, skates combo, suitable for ages 6-14, cancellation policy, adolescents, teenagers, youngsters, gifting, skating, training, intermediate, orange, 18 cm, 25 cm, 29 cm, 2 skates, 1 helmet, 2 knee guards, 2 elbow guards, bag."
